Motif,PosCov,PosNumSeqs,NegCov,NegNumSeqs
DME_TAAATTCAAA,74.7,56,60.9,137
DME_AAAAATGTAA,84.0,63,73.3,165
gimme_49_Homer_14_2,44.0,33,28.9,65
gimme_102_MDmodule_Motif.14.7,40.0,30,32.4,73
DME_AACTCTTCATAAGATT,32.0,24,32.9,74
DME_MAAAAAAGAA,94.7,71,88.4,199
DME_AATAAATTAATA,88.0,66,71.6,161
DME_YSAAATGAAT,72.0,54,59.6,134
DME_MARATTTSADWSAW,82.7,62,64.4,145
DME_GCTAACTTAATTAATC,30.7,23,29.8,67
DME_TAATGATAAT,81.3,61,55.6,125
DME_GATGAAAA,49.3,37,41.8,94
DME_AATAACTTAA,50.7,38,36.9,83
DME_CTKCAAWARY,56.0,42,44.9,101
DME_AAWTTGATTMAT,89.3,67,68.9,155
DME_RAWYCTGT,33.3,25,15.1,34
DME_AATTTAACAT,62.7,47,53.8,121
DME_GAATGGAAAAAGGAAG,61.3,46,49.8,112
DME_AAAAGAMAAA,92.0,69,88.9,200
DME_ATAAAATWKAAATT,94.7,71,83.6,188
DME_AAAGGRAK,56.0,42,50.7,114
gimme_112_MDmodule_Motif.14.7,40.0,30,32.4,73
DME_WCMRWTAYYAGW,46.7,35,36.0,81
DME_GTTGAATGGAAAAAGG,41.3,31,25.3,57
DME_ATAACAATAA,76.0,57,61.8,139
DME_TACTACTAATAATAAT,65.3,49,58.7,132
DME_TGAATGAATGAATGAA,74.7,56,60.9,137
DME_GAAAAAAG,30.7,23,25.3,57
gimme_155_MEME_10_w14,49.3,37,27.6,62
DME_CAAATGAA,40.0,30,27.1,61
DME_ATAATGATAA,76.0,57,49.8,112
DME_TAAYWATARTAM,82.7,62,65.3,147
DME_TAAAATAAAATT,94.7,71,85.8,193
DME_AAAAGAAATT,96.0,72,76.0,171
DME_TTARGAAATM,64.0,48,56.4,127
DME_TCTGAAAA,42.7,32,28.4,64
DME_AMAATARTAANAAT,92.0,69,77.8,175
DME_TCAAATTAAA,78.7,59,57.3,129
DME_ATCATCAT,36.0,27,30.2,68
DME_TTAAAATCAA,70.7,53,53.3,120
DME_TACATCAA,32.0,24,18.2,41
DME_KMACAAYAMYAA,56.0,42,44.0,99
DME_AAGTATAAAA,82.7,62,64.0,144
DME_HATMCATC,37.3,28,13.8,31
DME_ATVGAAATAA,78.7,59,65.8,148
DME_TTGAARTATAAAAWGT,70.7,53,57.8,130
DME_TYGWSAWAKWTS,45.3,34,41.3,93
DME_TTATACTTCAAAAG,50.7,38,41.8,94
DME_TAACAATAGTACTA,38.7,29,33.8,76
gimme_110_MDmodule_Motif.14.5,30.7,23,37.3,84
DME_WGCWAAAATT,72.0,54,60.4,136
DME_CGAATTCAGTKGAA,30.7,23,23.1,52
DME_AAATTGATAA,76.0,57,54.7,123
gimme_26_BioProspector_w14_4,89.3,67,68.0,153
DME_ATCATTCA,52.0,39,36.9,83
DME_KRADTGAATRMA,74.7,56,65.8,148
DME_CAATATCA,34.7,26,26.7,60
DME_ACYAATWATAAT,68.0,51,54.7,123
DME_AGATATYAGACA,34.7,26,24.0,54
DME_AACAATAATA,78.7,59,61.8,139
DME_ATAGTAATAA,58.7,44,47.1,106
DME_TRATAAYAGTKR,57.3,43,43.1,97
DME_AGAAATTAACAGGATT,52.0,39,35.6,80
DME_AAAARCAAAA,89.3,67,87.1,196
DME_ATTGATARWAAT,80.0,60,64.0,144
DME_TGAAGTATAAAAWGTG,54.7,41,50.2,113
DME_AAATCTTATGAAGAGT,34.7,26,30.2,68
DME_GAATGGAAAAAGGA,58.7,44,45.3,102
DME_AATAAACAAA,80.0,60,66.2,149
DME_MAAAAAGAAA,93.3,70,88.9,200
DME_AAATAAAATTAT,93.3,70,79.6,179
DME_DGARRARVDAAG,92.0,69,81.3,183
DME_AAATAAMTTMAWAT,89.3,67,80.4,181
DME_ATGGAAAAAGGAAG,58.7,44,51.6,116
DME_TWTTKAAATRAWADRT,97.3,73,88.9,200
DME_AYAATRACAMYDMM,66.7,50,53.3,120
gimme_62_Improbizer_TGATAGTAT,65.3,49,44.0,99
DME_TKAMAATTGCTGAA,60.0,45,43.6,98
DME_AATAAAATTG,77.3,58,60.4,136
DME_GCTTCAAAAGTTAATR,52.0,39,44.9,101
DME_TRGAAAAAGGAAGAAC,68.0,51,56.4,127
DME_ARMWWTCAKWSAAH,78.7,59,66.7,150
DME_YTMYACTTCAWA,50.7,38,42.2,95
DME_TGAAAATTAA,78.7,59,66.7,150
DME_TTGCTTCAAAAGTTAA,49.3,37,43.1,97
DME_ATCAAATTAA,69.3,52,52.9,119
DME_AAAAKTTTTSAA,97.3,73,76.9,173
DME_AACAATAGTACTACTA,41.3,31,29.8,67
DME_ATAACAATAMCAAT,77.3,58,64.0,144
DME_YMGCAAAA,50.7,38,39.6,89
DME_TGAAAAAG,46.7,35,34.2,77
DME_GGWWGAAR,36.0,27,25.3,57
gimme_44_Homer_14_2,44.0,33,28.9,65
DME_AAGATTTCAGAGAAAA,62.7,47,49.3,111
DME_TAAATTAATTAA,89.3,67,70.2,158
DME_AAAKKAAKAA,86.7,65,81.3,183
gimme_11_BioProspector_w14_4,80.0,60,62.2,140
gimme_167_Weeder_2,90.7,68,76.9,173
DME_TTKRARTATAAAWW,92.0,69,75.6,170
DME_ATARTRACAMTA,70.7,53,52.4,118
DME_WTGAATGAAW,69.3,52,58.7,132
DME_AACAAAGTTRGTAG,36.0,27,27.6,62
DME_AATAGTACTAATAATA,74.7,56,55.1,124
DME_TTCAACAA,41.3,31,33.8,76
DME_ATAATAGC,32.0,24,21.8,49
gimme_73_MDmodule_Motif.14.8,89.3,67,82.7,186
DME_AATTTCTACCAGAA,46.7,35,33.3,75
DME_TAKAYTTCAA,46.7,35,38.7,87
DME_YGRTAGAAWTWA,74.7,56,53.3,120
DME_CTGAATTCGARAAA,45.3,34,44.4,100
DME_AAWAGTAMTRBT,56.0,42,47.1,106
gimme_144_MEME_9_w14,32.0,24,28.0,63
DME_TAACAATAGTACTACT,38.7,29,31.1,70
DME_TAATTAATCA,56.0,42,45.3,102
DME_TAACARTGAGCAATTG,42.7,32,35.6,80
DME_TTTTAAAAAAKT,80.0,60,66.7,150
DME_ATCASABWRK,40.0,30,16.0,36
DME_GARTGAAK,53.3,40,42.2,95
DME_AAATTGATTA,68.0,51,61.3,138
DME_GGAAATAT,40.0,30,33.8,76
DME_TGAAATCTTAAAATGC,52.0,39,43.6,98
DME_AGAAAARRRM,92.0,69,81.8,184
DME_TGACAATT,49.3,37,32.0,72
DME_AGTRCTACTAAT,36.0,27,28.4,64
DME_CAAARWAYAARA,94.7,71,84.9,191
DME_AAAGCTAACTTAATTA,49.3,37,47.1,106
DME_TCACTTAA,32.0,24,25.8,58
DME_AAGACCTAAAAACA,36.0,27,28.9,65
DME_GTAAACAA,30.7,23,17.8,40
DME_AATWWCAAKMGT,60.0,45,46.7,105
DME_TCACTGATAGAAATAA,64.0,48,43.1,97
DME_TTAAKAAAATRK,77.3,58,62.2,140
gimme_90_MDmodule_Motif.14.5,30.7,23,37.3,84
DME_ATTKAATGMA,81.3,61,66.2,149
DME_GATAAAAG,48.0,36,34.2,77
DME_SRGARAAAAA,89.3,67,76.9,173
DME_AAATTAAKTAATKT,88.0,66,72.4,163
DME_TWAAAWATKGRAAA,93.3,70,80.0,180
DME_TYACAAKYTA,66.7,50,46.2,104
DME_TAAAATTGAT,66.7,50,59.6,134
DME_GATCARAT,32.0,24,20.4,46
DME_AATGAAATYTWA,92.0,69,73.8,166
DME_AAAATTAAATTGATTA,94.7,71,85.3,192
DME_AGTAATAACAATAATA,86.7,65,67.1,151
DME_AAGGAAGAACAAAG,52.0,39,48.4,109
DME_ATTCGAAT,30.7,23,24.4,55
DME_TAATAACTTAACARTG,54.7,41,44.0,99
DME_TAACARTGAGCAAT,54.7,41,40.9,92
DME_YADTDRAARARRMA,94.7,71,84.9,191
DME_RATAATRMHARTARMA,93.3,70,84.9,191
DME_MAARAGAAAT,97.3,73,80.4,181
DME_TATTRAAATAAWAW,93.3,70,83.1,187
DME_WAAATAAMTTAAWA,94.7,71,81.8,184
gimme_41_Homer_10_4,48.0,36,41.3,93
gimme_65_Improbizer_TTCCTTTTTT,93.3,70,76.4,172
DME_TTTAAACTAA,60.0,45,39.6,89
gimme_170_Weeder_5,74.7,56,67.1,151
DME_YDRAYWGGWT,38.7,29,17.3,39
DME_AATTCAGTKGAAGA,48.0,36,48.0,108
DME_AAACTAATTT,74.7,56,54.2,122
DME_TAAAAAATTTTTTA,82.7,62,68.9,155
DME_AWAAATAAATTAWT,85.3,64,82.2,185
DME_AATAATAGTA,69.3,52,42.2,95
DME_AGGAAGAACAAAGTTR,50.7,38,44.4,100
DME_VAAAAAGG,58.7,44,37.8,85
DME_TCWSWATTTAKM,48.0,36,36.4,82
DME_GAAGTATAAAAWGTGY,57.3,43,45.3,102
DME_GCTTCAAAAGTTAA,38.7,29,31.1,70
gimme_168_Weeder_3,98.7,74,76.9,173
DME_WATAYTSAAATAAW,89.3,67,78.2,176
DME_TYAGCAAT,40.0,30,24.9,56
gimme_104_MDmodule_Motif.14.9,46.7,35,30.7,69
DME_AAGTATAAAAWGYG,53.3,40,48.4,109
DME_SAATAWTRATAATA,82.7,62,62.7,141
DME_GAAAAGAT,41.3,31,35.6,80
DME_AATRATAACAWT,85.3,64,65.8,148
DME_AAAAAAGAAT,93.3,70,78.7,177
gimme_9_BioProspector_w14_2,90.7,68,65.8,148
DME_ATGAAATTDAAA,82.7,62,75.1,169
DME_AAATAGTAAT,77.3,58,52.9,119
DME_ATAAAATTTC,66.7,50,57.3,129
DME_KATTDSARDRAARR,76.0,57,65.3,147
DME_AYTACYAATA,56.0,42,41.8,94
DME_TAATTTCTACCAGAAA,64.0,48,44.4,100
DME_KAAAWGAAAA,89.3,67,85.3,192
DME_TAAACATTAA,58.7,44,39.6,89
DME_AAGGAAGAACAAAGTT,52.0,39,46.7,105
DME_CAATCATT,45.3,34,34.2,77
DME_YYACTRATAA,42.7,32,43.1,97
gimme_13_BioProspector_w14_1,82.7,62,64.0,144
DME_GYADAAAAAG,65.3,49,49.8,112
DME_AATGAGMA,38.7,29,22.7,51
DME_AAATTTCC,42.7,32,36.0,81
gimme_39_Homer_10_2,40.0,30,28.0,63
DME_TAATAATAGT,61.3,46,40.0,90
DME_GAAATATKMA,85.3,64,59.6,134
DME_ATTTCTATCAGTGAAA,57.3,43,41.8,94
gimme_114_MDmodule_Motif.14.9,46.7,35,30.7,69
DME_ARARVATTTKCT,77.3,58,60.9,137
DME_AMWTCAAAHG,42.7,32,31.6,71
DME_TACTACTACTAATA,48.0,36,36.0,81
gimme_15_BioProspector_w14_3,92.0,69,69.3,156
DME_ATCACAGCAAAAACAT,41.3,31,30.2,68
DME_AAGWWTGAAA,72.0,54,58.7,132
DME_ARAARCAAAARA,94.7,71,88.9,200
DME_ACTACTACTAAT,30.7,23,27.1,61
DME_TCAGTKRAAGAAAA,65.3,49,46.2,104
DME_TGAARTATAAAAWG,69.3,52,58.2,131
DME_AYAATVATAGTR,65.3,49,39.6,89
DME_CVWRCTKCWA,38.7,29,26.7,60
DME_TACTMYTWYTAB,46.7,35,40.0,90
DME_SAATAGCW,33.3,25,24.9,56
DME_AAAAAGGAAGAACAAA,85.3,64,78.2,176
DME_GAAATTAACAGGATTT,48.0,36,38.2,86
DME_WTCAGASA,36.0,27,12.9,29
DME_AAAWTMAWTWGATT,92.0,69,75.6,170
DME_WGATSAAATT,61.3,46,59.6,134
gimme_156_MEME_1_w14,100.0,75,88.0,198
DME_TGAATGGAAAAAGG,49.3,37,33.8,76
DME_TGAATAGA,42.7,32,27.6,62
DME_GATAAATG,44.0,33,35.6,80
DME_AATGGAAAAAGGAAGA,80.0,60,66.2,149
DME_CTACTACTAATAATAA,42.7,32,41.3,93
gimme_125_MEME_10_w14,49.3,37,27.6,62
DME_GTTGAATGGAAAAA,54.7,41,47.6,107
DME_CTCTSAWA,32.0,24,13.8,31
DME_GCTAACTTAATTAA,36.0,27,33.3,75
DME_GAKSTGAA,32.0,24,18.2,41
DME_ACTACTAATAATAA,62.7,47,46.2,104
DME_TAACATTG,38.7,29,22.2,50
DME_AAAGGAWS,41.3,31,23.1,52
DME_CATTAACA,30.7,23,20.9,47
DME_AAYRWTTATC,50.7,38,33.3,75
DME_MBAAYAATAATART,74.7,56,55.1,124
DME_ACAAATTTAT,64.0,48,48.4,109
gimme_22_BioProspector_w14_5,82.7,62,66.2,149
DME_GAAAGAAA,36.0,27,28.9,65
DME_TGAATGGAAAAAGGAA,73.3,55,54.7,123
DME_AATTGCTGAAGA,40.0,30,31.6,71
DME_TAATTTAACA,64.0,48,42.7,96
DME_SAARATTAAAAT,92.0,69,80.0,180
DME_ACAAAAATAA,80.0,60,69.3,156
DME_AAATAAATTAAT,90.7,68,80.9,182
DME_ATGAATGAATGAATGA,74.7,56,60.9,137
DME_AATTWRACAAAT,92.0,69,72.9,164
DME_ACTTCAAA,40.0,30,24.9,56
DME_TTGAAAAAAA,92.0,69,78.2,176
DME_ATAATRAYAWTAVTWW,85.3,64,76.0,171
DME_GYAATAAMTT,42.7,32,39.6,89
DME_DTABTGAAATAAWA,90.7,68,79.6,179
DECOD_Motif1_10,69.3,52,60.4,136
DME_CTACTAATAATAATAA,57.3,43,53.8,121
DME_MMTAAAAAYA,88.0,66,75.1,169
gimme_93_MDmodule_Motif.14.8,89.3,67,82.7,186
DME_RAYARYRACAATWR,78.7,59,63.1,142
DME_ACAACAAYAACAAC,54.7,41,38.7,87
gimme_23_BioProspector_w14_1,90.7,68,67.6,152
DME_AAAAASKAAR,92.0,69,77.8,175
gimme_121_MEME_6_w14,97.3,73,80.4,181
DME_TCAACAAT,45.3,34,35.1,79
DME_TAATAAAAATAT,89.3,67,84.0,189
DME_AATRVCAATAAT,68.0,51,64.0,144
DME_TKYAAKYGAW,49.3,37,39.6,89
DME_AGCTAACTTAATTAAT,50.7,38,44.4,100
DME_AGTATAAAAA,86.7,65,62.7,141
DECOD_Motif10_10,48.0,36,32.0,72
DME_ATRRCAATRATA,64.0,48,56.0,126
DME_ACTTCAAAAGCGGAAW,32.0,24,35.6,80
DME_TYHAKMCAYS,32.0,24,14.7,33
DME_MSBAATAWTARYARTW,72.0,54,52.0,117
DME_GAAATAAAAA,90.7,68,79.1,178
DME_TCAGCAATTGTMAC,42.7,32,29.3,66
DME_AATAGTACTACTACTA,33.3,25,28.0,63
gimme_83_MDmodule_Motif.14.8,89.3,67,82.7,186
gimme_24_BioProspector_w14_2,92.0,69,67.6,152
DME_TGCAATAA,41.3,31,36.0,81
DME_ATGACAAT,33.3,25,27.6,62
DME_TTCAGCAATTGTMACA,49.3,37,38.7,87
DME_AAGTGATA,34.7,26,31.1,70
DME_AAAATTAAAATT,97.3,73,88.0,198
DME_AATGATGA,42.7,32,40.0,90
DME_TCATTCAA,37.3,28,34.7,78
gimme_1_BioProspector_w12_1,90.7,68,68.9,155
DME_AAAAAGGT,50.7,38,29.3,66
DME_RGAAAAAGGAAGAACA,76.0,57,72.4,163
DME_AGCAATTGTMACAA,56.0,42,38.7,87
DME_AAAAAGGA,41.3,31,24.4,55
gimme_63_Improbizer_AATAGCAGTAAA,70.7,53,49.8,112
DME_MTAATAAYARTAAHAH,89.3,67,76.4,172
DME_TAATAATAATAA,93.3,70,69.3,156
DME_ACTAATAATA,53.3,40,41.8,94
gimme_135_MEME_10_w14,49.3,37,27.6,62
DME_AAWVATARTRMMAMTA,94.7,71,82.7,186
DME_AWTGAATGAW,76.0,57,62.2,140
DME_GATCAAAT,44.0,33,31.6,71
DME_GGAAGAACAAAGTTRG,32.0,24,24.9,56
DME_TTGAACAA,40.0,30,23.1,52
DME_TTGAACAT,36.0,27,20.9,47
DME_RATWACAATAMM,73.3,55,58.7,132
DME_TAATAATAAC,56.0,42,44.0,99
DME_AACATTGA,33.3,25,24.4,55
gimme_172_Weeder_7,97.3,73,79.1,178
DME_ATAATRATARTARM,81.3,61,60.9,137
DME_TTARTTTAAAAA,81.3,61,69.8,157
DME_GATTAATTAA,57.3,43,44.4,100
DME_AAATTGAAAT,85.3,64,72.9,164
gimme_5_BioProspector_w12_5,85.3,64,67.1,151
DME_TTTGAAAAAT,76.0,57,64.4,145
DME_CTGAAATCTTAAAATG,54.7,41,41.3,93
DME_TNAMAAKYTATY,68.0,51,51.6,116
DME_GAGTTGAATGGAAAAA,54.7,41,44.9,101
DME_AAGAATGA,46.7,35,33.3,75
gimme_164_MEME_9_w14,32.0,24,28.0,63
DME_GYGAACTTCAACTT,30.7,23,19.1,43
DME_ATRATAGTGD,45.3,34,27.1,61
DME_GATAACAA,30.7,23,19.6,44
DME_SRAWAGMKSA,32.0,24,19.6,44
DME_TTGAAGACCTAAAA,36.0,27,28.9,65
DME_TAACAAAAAA,82.7,62,74.7,168
DME_TACTACTACTAATAAT,49.3,37,42.2,95
DME_WAWAGCRRAAWY,73.3,55,54.7,123
gimme_141_MEME_6_w14,97.3,73,80.4,181
DME_CARCMATT,41.3,31,24.0,54
DME_TYGAGAAM,40.0,30,24.9,56
DME_AGBRATARTAAYAR,76.0,57,53.3,120
DME_KRATVATRACAA,68.0,51,56.9,128
DME_TAGYRATAAYAA,70.7,53,54.2,122
DME_KAGMAATAAT,78.7,59,56.4,127
DME_AAAGTGYT,34.7,26,24.9,56
DME_TTGAAGACCTAAAAAC,33.3,25,24.9,56
DME_AAGTATAAAAWGTGYT,57.3,43,48.0,108
DME_GAATAATTAA,62.7,47,45.8,103
gimme_165_MEME_10_w14,49.3,37,27.6,62
DME_ANGGAADAASRD,65.3,49,58.2,131
DME_CTTCMACTGAATTCGA,30.7,23,23.6,53
DME_AWTAATARYMCT,70.7,53,41.8,94
gimme_53_m1_c1_mATCCATCCATCCATCCATymA,54.7,41,34.7,78
DME_AATRATARTG,50.7,38,37.8,85
DME_AAAKTTKTCA,85.3,64,69.8,157
DME_AACAAYMRTWMT,65.3,49,47.6,107
DME_RATCARATTT,78.7,59,66.7,150
gimme_8_BioProspector_w14_1,92.0,69,68.0,153
DME_AAAAGACR,30.7,23,19.1,43
DME_WKGARRAAVRAA,92.0,69,84.9,191
DECOD_Motif9_8,69.3,52,49.8,112
DME_ATGAATGA,65.3,49,40.9,92
DME_TACTAATAAT,50.7,38,43.1,97
gimme_82_MDmodule_Motif.14.7,40.0,30,32.4,73
DME_AAYARHWATAVTRATA,93.3,70,72.9,164
DECOD_Motif7_8,54.7,41,34.2,77
DECOD_Motif5_8,52.0,39,41.3,93
DME_AAWTTGAWTRATBA,85.3,64,69.3,156
DME_TMSBARTAWYDAYAAT,70.7,53,54.7,123
gimme_147_MEME_2_w14,84.0,63,83.1,187
DME_AAAWCAATAGATTTAC,61.3,46,52.0,117
DME_AAAAGKWAAA,90.7,68,80.4,181
DME_ATTCAAAC,30.7,23,22.7,51
DME_AATAACTTAAAATCAA,80.0,60,69.8,157
DME_ACATCAAA,30.7,23,22.7,51
DME_ATTKARATAATWRA,96.0,72,80.0,180
DME_CTTCAAAAGTTAAT,57.3,43,48.4,109
DME_ACATCAAT,38.7,29,20.4,46
DME_YAATAAHARTAAHAHT,90.7,68,76.9,173
DME_TTHMAMATAAAG,64.0,48,44.9,101
DME_GATAGAAA,49.3,37,34.2,77
DME_AATAACAATAGTACTA,58.7,44,46.7,105
DME_AAATTAAAATTA,94.7,71,82.2,185
DME_GATAGAAT,36.0,27,23.1,52
DME_RAAAAACAAA,96.0,72,86.2,194
DME_MAATASTACTACTA,37.3,28,29.3,66
DME_AATGACAA,30.7,23,24.9,56
DME_AATAACAATA,72.0,54,61.3,138
DME_AAKTKAWTAATKAA,93.3,70,71.1,160
DME_AAAARYGKAA,73.3,55,56.0,126
DME_RATAGYVAYAAT,70.7,53,54.2,122
DME_GTAATTTAAA,62.7,47,52.4,118
DME_ATGAAAATCAATAGAT,65.3,49,56.4,127
DME_WAATRATAATRRYAAT,90.7,68,72.4,163
DME_ACAAYAACAATAACAA,78.7,59,67.6,152
gimme_58_Improbizer_ATAAAAAGTGATAAATATA,98.7,74,87.6,197
DME_CAATGATA,44.0,33,29.3,66
DME_TAAGATTTCAGAGAAA,49.3,37,43.1,97
gimme_117_MEME_2_w14,84.0,63,83.1,187
DME_AATTAATMAATT,92.0,69,77.3,174
DME_ATAAATAAATAA,94.7,71,89.3,201
DME_KAAWTTGDWWAAWTAA,96.0,72,84.0,189
DME_AWAACAAWAG,42.7,32,30.7,69
DME_ABMTWTCAGA,38.7,29,25.8,58
DME_AATAGAAATT,74.7,56,52.0,117
DME_ACTACTACTAATAA,41.3,31,37.8,85
DME_TTTCAAAC,41.3,31,32.9,74
DME_RAGRWMAAAG,84.0,63,70.2,158
DME_MCAACAMHAA,65.3,49,46.2,104
DME_AAAAAGAAAT,92.0,69,82.2,185
DME_ATAASAATGAAAGTAA,76.0,57,65.8,148
DME_AAAACARCACWTTTTA,52.0,39,49.8,112
DME_ATAACTTAACARTGAG,49.3,37,31.6,71
DME_AAWAAATAAATAWA,97.3,73,88.9,200
DME_RATAGTAMTWAT,61.3,46,44.4,100
DME_AATAACTTAACARTGA,65.3,49,52.0,117
DME_TAACAATG,30.7,23,27.1,61
DME_ATTASCHATWAT,65.3,49,44.9,101
gimme_136_MEME_1_w14,100.0,75,88.0,198
DME_GAAATTAACAGGAT,41.3,31,28.9,65
DME_TTGAARKADAAA,89.3,67,72.9,164
DME_TGACAAAT,33.3,25,33.3,75
DME_AGATGAAA,36.0,27,37.3,84
gimme_127_MEME_2_w14,84.0,63,83.1,187
gimme_18_BioProspector_w14_1,88.0,66,63.6,143
DME_AAGCTAACTTAA,32.0,24,25.8,58
DECOD_Motif6_10,82.7,62,53.8,121
DME_TWHYRATRATARTG,72.0,54,48.9,110
DME_KWWAABTTGAAMRM,88.0,66,75.6,170
DME_GAAKAWYRAABT,60.0,45,49.8,112
DME_TTTAAGAAAA,77.3,58,55.1,124
gimme_14_BioProspector_w14_2,84.0,63,60.0,135
DME_AAWGAAWRAAAT,96.0,72,86.2,194
DME_AATGATAATA,74.7,56,56.0,126
DECOD_Motif4_8,50.7,38,33.3,75
gimme_10_BioProspector_w14_3,80.0,60,60.4,136
DME_ATGAATGAATGAAT,73.3,55,59.1,133
DECOD_Motif2_8,42.7,32,29.8,67
DME_CTTAAAHTYAAD,58.7,44,44.0,99
DME_AAGAACAAAGTT,42.7,32,36.9,83
DME_TAYTAYTWYTRYYW,88.0,66,65.8,148
DME_AGTACTAATAATAA,68.0,51,48.4,109
DECOD_Motif2_10,73.3,55,52.9,119
gimme_111_MDmodule_Motif.14.6,41.3,31,34.2,77
DME_TTTKTAAAAATA,86.7,65,67.1,151
DME_WKCYATYCAW,30.7,23,21.3,48
DME_HVMATMCAKC,36.0,27,13.3,30
DME_RTCATYATTA,61.3,46,47.1,106
DECOD_Motif4_10,81.3,61,54.7,123
DME_TATTKAAATAAT,80.0,60,69.8,157
DECOD_Motif8_10,60.0,45,40.9,92
gimme_95_MDmodule_Motif.14.10,46.7,35,37.3,84
DME_TATATTGAAATAATAA,98.7,74,83.6,188
DME_GAYTTCAGAGAAAAAA,82.7,62,59.1,133
gimme_46_Homer_14_4,58.7,44,54.2,122
DME_ATAATAATAAWABT,84.0,63,67.6,152
gimme_33_Homer_12_1,72.0,54,49.3,111
DME_SATTCATKYR,57.3,43,41.3,93
DME_ARAMATTTBTYAAA,89.3,67,80.0,180
DME_AATGATAG,34.7,26,29.8,67
DME_YMRTYMAKCMRB,49.3,37,35.1,79
DME_AGTAATAATA,61.3,46,47.6,107
DME_TAATRAYAATRATH,92.0,69,69.8,157
DME_TGAAGWWKVAAA,69.3,52,58.7,132
DME_GAAAAGTT,53.3,40,36.9,83
DME_CTAATAACAATAGTAC,44.0,33,26.7,60
DME_AAAGAAAATT,94.7,71,79.6,179
DME_AAAKGARWGA,90.7,68,77.3,174
DME_MATCATCM,33.3,25,23.6,53
DME_GTGAATAA,40.0,30,30.2,68
DME_CTGAAAAT,46.7,35,38.2,86
DME_ATAGYAMWAYTR,46.7,35,39.6,89
DME_TTAAAATTTAAA,94.7,71,72.9,164
DME_TACKAATAATAATA,69.3,52,53.8,121
DME_AAATTTSATBYA,72.0,54,70.7,159
DME_ATTAAAAATTAA,92.0,69,80.4,181
DME_GAAAAAGGAWGAAM,86.7,65,76.0,171
DME_AAATTAATTC,66.7,50,50.2,113
DME_RAHAGCAAAA,78.7,59,72.0,162
DME_AATAACAATAACAA,80.0,60,69.8,157
DME_ATAAATGAAA,85.3,64,78.7,177
DME_MCAAYAAYAATA,62.7,47,50.7,114
gimme_84_MDmodule_Motif.14.9,46.7,35,30.7,69
gimme_27_BioProspector_w14_5,80.0,60,56.9,128
DME_CRATTRTCACAATTTA,65.3,49,48.9,110
DME_WTARCRATMAYAAY,81.3,61,56.4,127
DME_AATAAATAAATA,93.3,70,84.0,189
DME_CAATYTATYA,62.7,47,47.1,106
DME_CAATASTACTACTACT,34.7,26,27.6,62
DME_TACAAAGCTAACTTAA,33.3,25,25.3,57
DME_RTTAKTACTA,57.3,43,38.2,86
DME_AACAAAAAAR,94.7,71,84.9,191
DME_GTAATAATAA,73.3,55,52.9,119
DME_TAATAAATAAAT,84.0,63,82.2,185
gimme_25_BioProspector_w14_3,85.3,64,61.3,138
DME_ATGMAKTMAA,58.7,44,48.4,109
DME_TTAAAATAAAAT,93.3,70,83.6,188
DME_TCAAAAAG,32.0,24,19.1,43
DME_TTYMACTTWYMA,73.3,55,60.4,136
DME_TAACAACA,30.7,23,18.2,41
DME_TGTTCAAA,42.7,32,28.0,63
DME_ACARCACWTTTTATAC,30.7,23,34.2,77
DME_AAGAACAAAGTTRG,46.7,35,39.6,89
DME_ATAMYWRTAKTRST,56.0,42,45.3,102
DME_CTTTTGAAGTATAAAA,74.7,56,52.4,118
DME_GTACTAATAATAATAA,69.3,52,56.4,127
DME_TCACAGCAAAAACATA,32.0,24,28.9,65
DME_MAACAAAAAA,90.7,68,83.1,187
DME_TTAAGAAAAT,73.3,55,54.7,123
DME_RADVAARVAAGA,94.7,71,83.1,187
DME_TGAAAGTA,37.3,28,29.3,66
DME_GAATGAAA,57.3,43,46.2,104
DME_CAGAAATA,33.3,25,25.3,57
DME_GGAAAAAA,34.7,26,20.9,47
DME_GAATGAAT,50.7,38,44.0,99
DME_ATTTCTACCAGAAA,48.0,36,35.1,79
DME_AATTTTAAAATA,96.0,72,80.9,182
DME_TACTAATAACAATAGT,53.3,40,38.2,86
DME_AAGATGAA,30.7,23,29.3,66
DME_AATTAAWTTGATTA,80.0,60,72.4,163
DME_KAAATAATAAAT,84.0,63,76.0,171
DME_CAACAAYAACAACM,49.3,37,33.3,75
gimme_35_Homer_12_3,96.0,72,82.7,186
DME_ACCAAACTTCAAAA,38.7,29,32.4,73
DME_TCTCAAAT,37.3,28,27.6,62
DME_AGAGAAAA,40.0,30,24.9,56
DME_AATGATAAAA,93.3,70,73.8,166
gimme_72_MDmodule_Motif.14.7,40.0,30,32.4,73
gimme_56_Improbizer_TTTTTTTTTCCATTAAT,97.3,73,78.7,177
DME_AACAATAACAATAGTA,62.7,47,55.6,125
DME_AATRATAWCAHTAR,86.7,65,68.0,153
DME_AYAMCAMTRRTA,56.0,42,48.0,108
DME_GAAGAACAAAGTTRGT,42.7,32,30.7,69
DME_AGTGATAA,40.0,30,30.7,69
DME_TTAAAAAATTTTTTAA,81.3,61,74.2,167
DME_GAAATGAA,54.7,41,49.8,112
DME_AGTACTAATAAT,56.0,42,40.0,90
DME_TCAGCAATTGTMACAA,50.7,38,34.7,78
DME_CAATAGATTTAC,36.0,27,21.8,49
DME_TGAAAAAAAT,94.7,71,81.3,183
DME_TAACAAWAAMWA,93.3,70,72.4,163
DME_AAATAGAYRT,38.7,29,30.7,69
DME_CAACAATT,41.3,31,36.0,81
DME_SAAWAATAAC,53.3,40,32.9,74
gimme_17_BioProspector_w14_5,89.3,67,69.3,156
DME_AAAAACARCACWTTTT,65.3,49,58.2,131
DME_TCAAATTDAAAA,92.0,69,73.8,166
gimme_97_MDmodule_Motif.14.2,94.7,71,71.6,161
DME_CAACAATA,36.0,27,26.2,59
DME_CAATAATAAT,58.7,44,49.8,112
DME_ATTTAACAAA,77.3,58,53.3,120
DME_AATAATAATAAT,93.3,70,72.4,163
DME_TAATAACTTAAC,37.3,28,32.0,72
DME_TCAAATCA,32.0,24,27.1,61
DME_AAATCACAGCAAAAAC,50.7,38,41.3,93
DME_AARADKAAKAAM,93.3,70,87.1,196
DME_SYKAAMWTCA,45.3,34,34.2,77
DME_ACTAATAACAATAGTA,65.3,49,42.2,95
DME_TWWGAAAAYATT,80.0,60,68.4,154
DME_TAATAACAATAGTA,66.7,50,51.1,115
DME_TAGAATTAAT,45.3,34,39.6,89
DME_ACTTTTGAAGCAAWTA,58.7,44,49.3,111
DME_AVAATTKYTSAW,78.7,59,68.4,154
DME_AAAGSARRAA,82.7,62,75.6,170
DME_AGTACTAATAATAATA,70.7,53,52.0,117
DME_AMAATKGC,41.3,31,24.0,54
DME_GAGAAATA,41.3,31,32.0,72
DME_GARKAGAA,60.0,45,46.7,105
DME_RAGANATWTG,53.3,40,42.7,96
gimme_134_MEME_9_w14,32.0,24,28.0,63
DME_WGARAGAARA,85.3,64,80.9,182
DME_AAGAGAAA,36.0,27,29.3,66
DME_ACTACTAATAAT,49.3,37,43.6,98
DME_MAYAAMAMYAAY,86.7,65,63.1,142
DME_TTGAATGGAAAAAGGA,60.0,45,44.9,101
DME_TRATRGAAAT,70.7,53,46.2,104
DME_ATTAGCAA,42.7,32,28.9,65
DME_VTTYRAAAGTWA,65.3,49,52.0,117
gimme_145_MEME_10_w14,49.3,37,27.6,62
DME_GAAGAACAAAGTTR,44.0,33,37.8,85
DME_AATTAATCAA,69.3,52,60.9,137
DME_RARGYGGA,32.0,24,10.2,23
gimme_161_MEME_6_w14,97.3,73,80.4,181
DME_AAAGRAAAAW,92.0,69,87.6,197
DME_ARAAAAGGAAAAAC,88.0,66,84.9,191
DME_GAARKAYAAARWGT,66.7,50,47.6,107
DME_ASSAATWGTM,36.0,27,27.1,61
DME_AGTTGAATGGAAAAAG,48.0,36,41.8,94
DME_AKTTBAADSG,41.3,31,29.3,66
DME_AGGAAGAACAAAGT,41.3,31,31.6,71
gimme_175_Weeder_10,78.7,59,51.6,116
DME_AATAAAAAATAA,96.0,72,88.4,199
DME_AAAAWCACAGCAAA,61.3,46,61.3,138
DME_AAAAATTTTAAT,94.7,71,82.2,185
DME_TAAAAACARSACWT,45.3,34,44.0,99
DME_KSAARAAAAS,74.7,56,63.6,143
DME_AACTTCAA,30.7,23,24.0,54
DME_TAGTACTAATAATAAT,73.3,55,53.3,120
DME_ATTHGCAAYA,44.0,33,39.6,89
DME_CAAAAATAAT,90.7,68,74.7,168
gimme_100_MDmodule_Motif.14.5,30.7,23,37.3,84
DME_GAAAAAMWKG,80.0,60,64.4,145
DME_AAATCTTAAAATGCAG,46.7,35,45.8,103
DME_TTCAAAAG,44.0,33,28.4,64
DME_CTACTACTACTAATAA,38.7,29,31.6,71
DME_ARAARGAARRAB,90.7,68,87.6,197
DME_RAAATTTBATKC,74.7,56,69.8,157
gimme_124_MEME_9_w14,32.0,24,28.0,63
gimme_12_BioProspector_w14_5,82.7,62,60.4,136
DME_AATGARKKAMDRVA,85.3,64,74.7,168
DME_ATAACTTAAAATCA,68.0,51,52.4,118
DME_AAAAACARCACWTT,57.3,43,47.6,107
DME_TAMTAYTACB,36.0,27,28.9,65
gimme_43_Homer_14_1,85.3,64,64.4,145
DME_GCAATAAT,46.7,35,30.2,68
DME_TGAAAKDKAAAT,93.3,70,72.9,164
DME_TCAATCAT,40.0,30,33.3,75
DME_AATGAAAATA,93.3,70,76.4,172
DME_HATMCATCNA,32.0,24,20.9,47
DME_GTCAAAGTATAAAAGA,45.3,34,31.1,70
DME_AAGGAASA,46.7,35,43.6,98
DME_ATGAAGAA,33.3,25,29.3,66
DME_TAGGAAAT,34.7,26,29.8,67
DME_CTTCAAAAGCGGAAWT,30.7,23,26.7,60
DME_TAATRRCAMTAA,69.3,52,55.6,125
DME_AAATAAATAAAT,94.7,71,86.7,195
DME_AAATTGTGACAATTGC,44.0,33,32.4,73
DME_CTACTACTAATAAT,36.0,27,32.4,73
DME_KYKAAMWYVAAS,45.3,34,30.2,68
gimme_94_MDmodule_Motif.14.9,46.7,35,30.7,69
DME_GAAATAATAT,65.3,49,53.8,121
DME_GGAAAKWKKRAW,73.3,55,54.7,123
DME_GAACAAAGTTRGTA,36.0,27,31.1,70
DME_AGATTTCAGAGAAAAA,64.0,48,50.2,113
DME_CAAATTAAAA,82.7,62,73.3,165
DME_TAGCAATA,37.3,28,29.3,66
DME_AAAAAAATGA,86.7,65,80.4,181
DME_AGAACAAAGTTRGT,40.0,30,28.9,65
DME_AATAATAATATT,84.0,63,67.1,151
DME_CAGCAATTGTMACA,36.0,27,27.1,61
DME_ATTCAGTKRAAGAAAA,73.3,55,56.4,127
DME_AARWKTTCAA,92.0,69,70.2,158
gimme_126_MEME_1_w14,100.0,75,88.0,198
DME_RCAAAAGA,38.7,29,20.4,46
DME_AWYGAATGAADV,68.0,51,55.1,124
DME_TAAAATTTAAAT,94.7,71,76.9,173
DME_TCMACTGAATTCGA,34.7,26,24.9,56
DME_GTTCAAAT,42.7,32,32.4,73
DME_ATGATAATAA,68.0,51,52.4,118
DME_AAAATTTCAA,86.7,65,65.3,147
DME_AAKAAAATGWTW,74.7,56,72.9,164
DME_MSAATGAG,37.3,28,21.8,49
DME_AAACTAAAAT,81.3,61,71.1,160
gimme_116_MEME_1_w14,100.0,75,88.0,198
DME_AAMAAAGAAWTT,96.0,72,88.0,198
DME_TRATAAYAATAAYA,93.3,70,67.6,152
DME_AAWAAAKTTKTYAA,96.0,72,80.0,180
gimme_34_Homer_12_2,76.0,57,57.3,129
DME_TAAAAAGG,41.3,31,27.1,61
DME_TGGAAAAA,44.0,33,34.7,78
DME_CAAATTTG,32.0,24,32.9,74
DME_AAATTAATTAAT,94.7,71,75.6,170
DME_AGTATAAAAWGTGYTG,38.7,29,41.3,93
gimme_81_MDmodule_Motif.14.6,41.3,31,34.2,77
DME_CRATRATARTAA,66.7,50,48.4,109
DME_ATAATRATRATRAT,88.0,66,72.4,163
DME_KAAGMAAMKASA,37.3,28,34.2,77
DME_TTAATGATAA,80.0,60,52.9,119
DME_AGAACAAAGTTRGTAG,37.3,28,35.1,79
DME_TARCAAYART,57.3,43,42.7,96
DME_AAGCTYAA,34.7,26,26.2,59
DME_AATCACAGCAAAAACA,46.7,35,40.4,91
DME_AAAWCACAGCAAAA,65.3,49,57.3,129
DME_YAKMAAKKKTMR,82.7,62,60.9,137
DME_CAAAGTATWAAAGACG,30.7,23,32.9,74
DME_AAAATTGATA,65.3,49,54.2,122
DME_ATTCAGTKRAASAA,46.7,35,48.0,108
DME_GACAAATT,30.7,23,31.6,71
gimme_48_Homer_14_1,85.3,64,64.4,145
DME_AACAATAGTACTAATA,56.0,42,40.9,92
DME_ATGGAAAT,44.0,33,38.7,87
DME_GAATGAATGAATGAAT,73.3,55,53.8,121
DME_AKWGWTSAAR,54.7,41,39.6,89
DME_ATAATAATAATAKTAC,80.0,60,66.2,149
DME_MTAAVTTAATTA,64.0,48,56.0,126
gimme_171_Weeder_6,92.0,69,70.7,159
DME_AAAAGGAA,45.3,34,26.7,60
DME_RTKGMAATAARA,84.0,63,72.4,163
DME_TGAAAATG,54.7,41,40.0,90
DME_TWATAATAAYAKTR,81.3,61,55.6,125
DME_ACTGATAGAAATAATA,82.7,62,57.3,129
gimme_87_MDmodule_Motif.14.2,94.7,71,71.6,161
DME_CTCTGAAATCTTAAAA,53.3,40,39.1,88
DME_ATTTYARCAA,66.7,50,60.0,135
DME_CACTGATAGAAATAAT,57.3,43,42.2,95
DME_TGAATGAATGAATG,57.3,43,44.0,99
DME_AAATASWGAA,56.0,42,52.9,119
DME_ATAGTAMTWATW,61.3,46,48.9,110
gimme_77_MDmodule_Motif.14.2,94.7,71,71.6,161
DME_GAAATCTTAAAATGCA,48.0,36,45.3,102
DME_ACAAAGCTAACTTAAT,38.7,29,35.1,79
DME_AAATAAATWAATAW,97.3,73,85.3,192
DME_MAAWAAACAAAH,90.7,68,86.7,195
DME_CAYTGATAGAAATA,57.3,43,40.0,90
DME_AKRATRRTRRCAAT,81.3,61,57.8,130
DME_KGMAAAAGRA,82.7,62,66.2,149
DME_RAKMGRAAWT,73.3,55,47.6,107
gimme_32_Homer_8_5,40.0,30,35.6,80
DME_WCTTAAAWTYAA,64.0,48,48.9,110
DME_AGAATGAA,42.7,32,34.2,77
DME_AATGAWARTAAK,85.3,64,64.9,146
DME_TGTAAAAATA,61.3,46,52.4,118
gimme_67_MDmodule_Motif.14.2,94.7,71,71.6,161
gimme_85_MDmodule_Motif.14.10,46.7,35,37.3,84
DME_TTTWTWCWTYMAAA,92.0,69,82.7,186
DME_AAWGRATGAT,73.3,55,54.2,122
DME_AATTAAGAAA,89.3,67,75.6,170
DME_AACTTTTGAAGCAAWT,56.0,42,55.6,125
DME_AATGGAAAAAGGAA,77.3,58,61.3,138
DME_ASTATAMAAWGH,48.0,36,36.9,83
DME_CGAATTCAGTKGAAGA,30.7,23,26.2,59
DME_TGCTTCAAAAGTTA,32.0,24,33.8,76
DME_ATCTTAAAATGCAG,33.3,25,31.1,70
gimme_38_Homer_10_1,78.7,59,66.2,149
DME_CRTCAATK,30.7,23,18.7,42
DME_AAAARGAADA,96.0,72,89.8,202
DME_TTGATCAA,38.7,29,24.4,55
DME_AAGCTAACTTAATTAA,41.3,31,47.6,107
DME_TAYTRCTAAT,57.3,43,40.9,92
DME_GWTAKAAWTAAT,70.7,53,49.3,111
DME_AACTTAAAATCAAG,54.7,41,35.1,79
DME_GAAAKATRAA,78.7,59,66.2,149
DME_ATAATAACAA,77.3,58,59.6,134
DME_AATAACAATAGTAC,49.3,37,42.2,95
DME_TATAYTSAAATA,78.7,59,60.4,136
DME_AATRAYAATAATRH,93.3,70,74.2,167
DME_AAARCAAAAA,90.7,68,86.7,195
DME_CTATCAAT,36.0,27,27.6,62
DME_AATAAYTTAAMR,72.0,54,57.8,130
DME_TTTSAGVRAA,72.0,54,52.9,119
DME_AWTCATTCAW,65.3,49,53.8,121
DME_TATTTAAATAAA,90.7,68,74.7,168
gimme_151_MEME_6_w14,97.3,73,80.4,181
gimme_173_Weeder_8,89.3,67,72.9,164
gimme_92_MDmodule_Motif.14.7,40.0,30,32.4,73
DME_TSWCAATTTA,58.7,44,47.1,106
DME_TAATAACAATAATAAC,86.7,65,62.2,140
DME_ACAATAGTACTAATAA,53.3,40,43.1,97
DME_AAAATCTG,33.3,25,31.6,71
DME_TAATAATAACAATAGT,74.7,56,63.1,142
gimme_176_Weeder_11,94.7,71,81.3,183
DME_CTAAAAACARCACW,40.0,30,33.8,76
DME_ATAAAAATTAAT,93.3,70,81.8,184
gimme_59_Improbizer_TTATCACTAATA,82.7,62,54.7,123
DME_ATAACAATAGTACTAA,57.3,43,45.8,103
DME_AAAAAGKWWKAR,82.7,62,71.6,161
DME_ATAACAATAGTACTAC,36.0,27,32.4,73
DME_AWAYTTCAAWMK,77.3,58,69.3,156
DME_ATKTRAAAGA,58.7,44,53.3,120
DME_AATAATGATA,64.0,48,54.7,123
DME_ATAATAAATTTR,81.3,61,68.9,155
DME_AAAGGAAGAACAAAGT,61.3,46,56.9,128
DME_TGATAACA,32.0,24,27.6,62
DME_AATAMTARTKAT,81.3,61,56.4,127
gimme_51_Homer_14_4,58.7,44,54.2,122
DME_MAMYAABRACMA,70.7,53,50.2,113
DME_TTCAAWAGCGGAAWTC,30.7,23,20.4,46
DME_AAMAAYAACH,66.7,50,48.9,110
DME_AGCAAAAA,32.0,24,21.3,48
DME_TTAACAAAAA,82.7,62,64.9,146
DME_TTCAAACT,36.0,27,32.0,72
gimme_105_MDmodule_Motif.14.10,46.7,35,37.3,84
DME_AATTTAACAA,70.7,53,55.6,125
DME_ATAATGAC,30.7,23,19.6,44
DME_CTACTAATAATA,38.7,29,37.3,84
DME_TTTATACTTCAAAAGC,46.7,35,35.6,80
DME_TAAKAMTAVTAAMA,86.7,65,63.1,142
DME_RAATGARTKAAK,81.3,61,72.4,163
gimme_74_MDmodule_Motif.14.9,46.7,35,30.7,69
DME_AATTGAAATT,88.0,66,74.7,168
DME_TSARARAARAAW,97.3,73,89.8,202
DME_RYMGCAAA,40.0,30,29.8,67
DME_TAATAACAATAGTACT,64.0,48,40.0,90
DME_MAWGWVKCAM,48.0,36,24.4,55
DME_SAMAAGGA,58.7,44,38.2,86
DME_THKCAAATMT,49.3,37,39.1,88
DME_ACTACTACTACTAATA,32.0,24,30.7,69
DME_AATAATTGAT,64.0,48,56.9,128
DME_AMTAKCAAAA,77.3,58,65.3,147
DME_AGGAASAA,49.3,37,43.6,98
DME_KAAYAATRAYAVTAAH,85.3,64,69.3,156
DME_TGAATAATTA,61.3,46,50.7,114
DME_ATTTCAGA,46.7,35,29.8,67
DME_CTTCAAAA,44.0,33,31.1,70
DME_TCACAGCAAAAACA,33.3,25,23.1,52
gimme_4_BioProspector_w12_4,88.0,66,66.2,149
DME_AAYGMCAA,46.7,35,32.9,74
DME_AAGTTGAA,30.7,23,32.0,72
DME_GCTAAAAT,50.7,38,30.7,69
DME_AAGTATWAAAGACG,44.0,33,31.6,71
DME_TTCTCAAA,40.0,30,32.9,74
DME_GTAAAAGA,37.3,28,27.1,61
DME_RTAMTRATRATA,85.3,64,65.8,148
DME_ACAAYRAC,41.3,31,28.4,64
DME_ATAGAAATTT,70.7,53,52.9,119
DME_SGAARAAC,34.7,26,20.0,45
DME_AATGSTKTAA,34.7,26,41.3,93
DME_TTGAATGGAAAAAG,64.0,48,45.3,102
gimme_19_BioProspector_w14_2,85.3,64,64.0,144
DME_ATAATAATAG,52.0,39,44.0,99
gimme_2_BioProspector_w12_2,89.3,67,65.3,147
DME_TATTGAAATA,74.7,56,59.6,134
DME_DTTYAARCKA,48.0,36,26.7,60
DME_AAWARYAAWARTAAYA,92.0,69,71.1,160
DME_ATAACTTAAAATCAAG,60.0,45,44.4,100
DME_YCATYCWYYY,65.3,49,40.9,92
DME_CTTCAGCAATTGTMAC,37.3,28,26.2,59
DME_AYAAMAAYRASH,70.7,53,57.8,130
DME_AKGADKGWATSA,42.7,32,40.4,91
DME_TCTCTGAAATCTTAAA,45.3,34,36.0,81
DME_GGAAGAACAAAGTT,34.7,26,29.8,67
DME_AAATAATAAATT,89.3,67,88.4,199
DME_CAAAGCTAACTTAATT,41.3,31,37.8,85
DME_AACTTTTGAAGCAA,42.7,32,39.1,88
DME_GCAATTGTCACAAT,30.7,23,24.9,56
gimme_61_Improbizer_AAATGAATGAA,76.0,57,56.9,128
gimme_16_BioProspector_w14_4,86.7,65,69.8,157
DME_TCAAATGA,40.0,30,31.6,71
gimme_64_Improbizer_CAATCATT,42.7,32,39.1,88
DME_TTCACTGATAGAAATA,64.0,48,39.6,89
DME_GTTGAAGACCTAAAAA,36.0,27,28.0,63
DME_AARSKAWSTT,33.3,25,22.2,50
DME_TAGTACTAATAATA,64.0,48,46.2,104
DME_GAAAAAGGAAGAACAA,70.7,53,69.8,157
DME_CWTGCATD,30.7,23,15.6,35
DME_CTTAATGA,38.7,29,22.2,50
DME_ATAATAATAATA,88.0,66,69.3,156
DME_AAATATAAATTT,90.7,68,81.8,184
DME_AACARTGAGCAATT,52.0,39,43.1,97
DME_RYAAYAWTAAWAKWSR,85.3,64,68.0,153
DME_GACATTAA,32.0,24,18.7,42
DME_AAAASSGA,57.3,43,38.7,87
DME_TGAAGACCTAAAAACA,40.0,30,30.2,68
DME_TRAARWKYTYAA,81.3,61,60.9,137
DME_TAACTTTTGAAGCAAW,64.0,48,56.4,127
DME_TRATAATAATAWTAST,84.0,63,61.8,139
DME_TTTTGAAGTATAAAAW,90.7,68,79.1,178
DME_WACAACAAYAACAACM,54.7,41,43.1,97
DME_AYTYSAGARA,66.7,50,47.1,106
DME_AAAATTAAATTGAT,98.7,74,80.0,180
DME_ACARTRNCAA,54.7,41,42.7,96
DME_TACTACTACTACTAAT,36.0,27,30.7,69
DME_CCAAAATT,32.0,24,24.4,55
DME_TTCAAATG,56.0,42,39.1,88
DME_AARAARGMARAA,93.3,70,89.3,201
DME_KACAATTGCTGAAG,32.0,24,27.6,62
DME_AGTTGAATGGAAAA,30.7,23,40.9,92
DME_GAGAAAAA,34.7,26,24.9,56
DME_TWTTTAMGAAAA,88.0,66,72.4,163
DME_CTGAAATT,58.7,44,44.4,100
DME_TAACTTAAAATCAA,64.0,48,53.3,120
DME_TTTGAAGTATAAAA,80.0,60,66.7,150
DME_GAWAAAVGMA,93.3,70,77.3,174
DME_ASMACRAMVA,54.7,41,31.1,70
DME_ATAATAATAGTACT,65.3,49,47.6,107
DME_GAWTGAVKSA,56.0,42,40.9,92
DME_AAMAAAACAA,90.7,68,80.4,181
DME_TAGTACTAATAA,56.0,42,40.4,91
DME_AGGAAATA,44.0,33,27.6,62
DME_AATTKAACAWAA,76.0,57,65.8,148
DME_TTKRMGARMAKG,36.0,27,27.1,61
DME_TTAAGATTTCAGAGAA,58.7,44,44.4,100
DME_AATRATAATAGTGR,81.3,61,50.7,114
DME_AGTGAAAT,45.3,34,41.8,94
gimme_37_Homer_12_5,61.3,46,48.4,109
DME_ATTATCAC,36.0,27,23.1,52
DME_AACAAARAAK,89.3,67,83.6,188
DME_TAAAAATTAATT,93.3,70,78.2,176
DME_TRDMWRAARRARRA,93.3,70,87.6,197
DME_CTACTAATAATAAT,53.3,40,48.9,110
DME_TGTAAATAAA,70.7,53,51.6,116
DME_GCAAAAAT,41.3,31,35.1,79
DME_KAAAATYTGA,85.3,64,68.0,153
DME_DKMANAARGAWRAW,88.0,66,79.1,178
DME_RTRATAAYAHTAAT,88.0,66,73.3,165
DME_TTTAACAAAT,74.7,56,57.3,129
DME_MAAYAAYADC,65.3,49,33.8,76
DME_AVTRCTRYTAYY,40.0,30,35.1,79
DME_CAATDKTACW,30.7,23,21.8,49
DME_TGAATGAA,57.3,43,43.1,97
DME_ATAGTAATAAYDATAA,85.3,64,67.1,151
DME_ATAAAATTTAAA,96.0,72,77.8,175
DME_AWAGMRRAADTH,92.0,69,80.9,182
DME_AAWYTGAACA,65.3,49,56.0,126
DME_WAAAWTAAMTTAAA,90.7,68,84.4,190
DME_ACAGCAAAAMCATA,38.7,29,36.0,81
DME_AKRATRATARTG,58.7,44,42.2,95
DME_ATTGAAATAA,81.3,61,64.9,146
DME_CAATAATAACAA,66.7,50,52.0,117
DME_RTRATAATARCA,64.0,48,50.7,114
DME_TAATAACAAT,58.7,44,43.1,97
DME_TGATAAATAT,53.3,40,51.6,116
DME_ATAGYAAHDDTARTAA,80.0,60,67.6,152
DME_AATAAATTTG,74.7,56,62.2,140
DME_AATCTTAAAATGCAGT,45.3,34,42.2,95
DME_AYAAYARYARMHAYMR,74.7,56,53.8,121
DME_ATATTGAAATAATAAA,98.7,74,87.1,196
DME_YARYAACMAKAR,54.7,41,44.0,99
DME_RAWWGRATGAAW,85.3,64,70.7,159
DME_RATTGYTSAM,52.0,39,44.0,99
DME_AGAATTTAAA,69.3,52,52.4,118
DME_ATVAYDACAAYARY,65.3,49,52.9,119
DME_GAAATTTC,41.3,31,33.8,76
DME_AATTTAACATAAAG,74.7,56,53.8,121
DME_YARCAACA,44.0,33,31.1,70
DME_TTAATTTCTACCAGAA,45.3,34,37.8,85
DME_AAACARCACWTTTTAT,52.0,39,49.3,111
DME_AAATTTGAAA,84.0,63,71.6,161
DME_AATAATAACA,77.3,58,60.0,135
DME_AMAACTTTTY,80.0,60,65.3,147
DME_WCWGCWRAAWTT,60.0,45,50.2,113
DME_CTTCAAAAGTTAATRA,62.7,47,56.9,128
DME_AAGTTAAYTGTCAC,40.0,30,29.8,67
DME_WTCYATCVWT,45.3,34,24.4,55
DME_ATRATGAYAA,73.3,55,51.6,116
DME_ARCAATAMYAAY,66.7,50,54.2,122
DME_CAATAGTACTAATAAT,56.0,42,44.4,100
DME_TAAAAAATTTTTTAAA,97.3,73,83.1,187
DME_CTTTTGAAGCAA,32.0,24,30.2,68
DME_RRARGAMRAAMR,89.3,67,87.6,197
DME_HTAMTWYTACKA,41.3,31,35.6,80
DME_GATTGAAA,57.3,43,36.4,82
DME_AYWGAAATAATA,90.7,68,76.0,171
DME_TCAAAGTATAAAAGAC,48.0,36,32.4,73
DME_AAAAGAAAAT,94.7,71,80.0,180
DME_AYAGTAMTAAYDWT,77.3,58,56.4,127
DME_AGTTAAATAT,54.7,41,38.7,87
DME_AAAGAAATTT,90.7,68,67.1,151
DME_AAGAACAAAGTTRGTA,57.3,43,43.1,97
DME_ATWTTTAMGAAA,84.0,63,72.4,163
DME_AATRATARTAAC,74.7,56,58.2,131
DME_ACARSAACAACAACRA,53.3,40,39.1,88
DME_ATCAMATTWAAA,89.3,67,76.9,173
DME_AYAAAAAAYAAA,98.7,74,87.1,196
gimme_137_MEME_2_w14,84.0,63,83.1,187
DME_TAAAATAAMTTAAAAT,94.7,71,80.9,182
DME_ATGAGAAT,37.3,28,35.1,79
DME_KCAAAAGTDA,58.7,44,48.0,108
DME_TGATAGAA,38.7,29,27.6,62
DME_KRATGGAA,48.0,36,39.6,89
DME_AATAACTTAAAATC,60.0,45,56.0,126
DME_TGGAGATGAAAAAA,52.0,39,45.3,102
DME_AATGAAATTT,82.7,62,72.4,163
gimme_21_BioProspector_w14_4,88.0,66,68.0,153
DECOD_Motif3_8,70.7,53,52.9,119
DME_AGTRRTAATAAY,84.0,63,55.1,124
DME_GACAATKR,38.7,29,16.0,36
DME_TTKAAAKRAWAAAT,96.0,72,84.4,190
DME_AAYTTAAAMTMA,84.0,63,68.9,155
DME_TGAAATAATA,72.0,54,61.8,139
gimme_71_MDmodule_Motif.14.6,41.3,31,34.2,77
DECOD_Motif1_8,65.3,49,46.7,105
DME_ACCGAACTAATTATAA,33.3,25,21.3,48
DME_TCAGMRAA,44.0,33,24.0,54
DME_TTGAAATAAT,76.0,57,62.7,141
DME_AMTTSAAMTT,82.7,62,72.0,162
DME_TYAAMAVYGR,49.3,37,28.9,65
DME_AGATCAAA,30.7,23,16.4,37
DME_GATAATAATA,58.7,44,51.1,115
DME_AATTAAAAAG,80.0,60,74.2,167
DME_ARWGRARRMAVVAA,94.7,71,89.8,202
DME_KYAMTARTAAYAVT,78.7,59,55.1,124
DME_TAAATATTGA,56.0,42,47.6,107
DME_ATKTGMKWCW,38.7,29,34.7,78
DME_AGCAATTGTCACAATT,41.3,31,30.7,69
DME_ATGGAAAAAGGAAGAA,76.0,57,64.9,146
DME_ATAATAACAATAGTAC,53.3,40,46.7,105
DME_AAARCTAAYTWD,64.0,48,50.2,113
DME_TAATRRTAAMAMTA,84.0,63,66.7,150
DME_TAGAAATTAACAGGAT,49.3,37,34.2,77
DME_CAAAAGTTAATRAATG,70.7,53,61.3,138
DME_ATAATAATGA,72.0,54,52.9,119
gimme_80_MDmodule_Motif.14.5,30.7,23,37.3,84
gimme_157_MEME_2_w14,84.0,63,83.1,187
DME_AATCACAGCAAAAA,52.0,39,44.0,99
DME_CAATTTCA,42.7,32,36.9,83
gimme_113_MDmodule_Motif.14.8,89.3,67,82.7,186
DME_YTSAKAGMARWA,53.3,40,46.7,105
DME_AAAMATTTTTCW,86.7,65,78.7,177
DME_AGSAAAWATT,70.7,53,58.7,132
DME_VAAGTATRAAAR,81.3,61,64.4,145
DME_AYTNCAKARAAA,65.3,49,57.8,130
DME_RATRATRWYAWTARTR,86.7,65,71.1,160
DME_AATCATTC,34.7,26,36.4,82
DME_AATATTAAAATT,90.7,68,75.1,169
DME_ACTTTTGAAGCAAW,53.3,40,48.9,110
gimme_91_MDmodule_Motif.14.6,41.3,31,34.2,77
DME_RAADMAARRGAY,84.0,63,81.3,183
DME_AGCTAASTTAATTA,36.0,27,37.8,85
DECOD_Motif8_8,34.7,26,15.6,35
DME_TTTGAAGTATAAAAWG,80.0,60,63.6,143
DME_TAGTAATAGTAATAAT,88.0,66,64.0,144
DME_AAAYAYAAGT,49.3,37,47.6,107
DME_TATCAKTRAW,65.3,49,41.3,93
DME_TCCATHCW,33.3,25,17.3,39
DME_ACAATAATAA,78.7,59,60.0,135
DME_AMCTWSAACW,38.7,29,38.2,86
DME_AMYTTTTGAA,82.7,62,67.6,152
DME_TKACAATTGCTGAAGA,48.0,36,32.0,72
DME_ATATTGAAAT,78.7,59,64.9,146
DME_ACTGAATTCGARAA,42.7,32,45.3,102
DME_TRATAATAAYAG,68.0,51,51.1,115
DME_TAATAATGAT,66.7,50,48.0,108
DME_GAATGAATGAATGA,66.7,50,48.9,110
gimme_40_Homer_10_3,74.7,56,56.9,128
DME_AWRGAARAAS,73.3,55,58.7,132
DME_ACAATAGTACTACT,30.7,23,22.7,51
DME_AAAATTTGAA,89.3,67,72.4,163
DME_TAAACAAC,30.7,23,17.8,40
gimme_3_BioProspector_w12_3,89.3,67,65.3,147
DME_AATTAWWCAAWTTM,86.7,65,79.6,179
gimme_154_MEME_9_w14,32.0,24,28.0,63
DME_RCAAYAWTAATAATAA,85.3,64,72.0,162
DME_ATHTCAGASD,45.3,34,24.4,55
DME_YAAAAGTKAA,73.3,55,60.0,135
DME_TGAAGACCTAAAAA,37.3,28,30.7,69
DME_ATAAKRATGA,73.3,55,55.1,124
DME_AAKWBCTAAMAA,70.7,53,53.3,120
gimme_107_MDmodule_Motif.14.2,94.7,71,71.6,161
DME_TAATATTAAAAT,90.7,68,71.6,161
DME_WRYHACAAYARYMA,66.7,50,53.3,120
DME_AAAACAAATT,86.7,65,68.4,154
DME_RKATTGAAATRA,86.7,65,71.1,160
DME_HACAATYYATYA,54.7,41,47.1,106
DME_TWTCAGABWR,49.3,37,20.0,45
DME_TAATKAWTCAAT,77.3,58,56.9,128
DME_ATTAACTTTTGAAGCA,45.3,34,40.0,90
DME_ATAAYRATRATRRYRA,80.0,60,65.3,147
DME_AAAGTATWAAAGACGC,34.7,26,32.4,73
gimme_7_AMD_Motif2,89.3,67,72.0,162
DME_AAATAACTTAAAATCA,81.3,61,69.8,157
DME_AASAAAASAA,84.0,63,79.6,179
DME_AACMATADCA,53.3,40,40.4,91
DME_YCAWYCAT,54.7,41,32.4,73
DME_TTCAGTKRAAGAAA,66.7,50,48.4,109
DME_AAAAATTAATTT,92.0,69,80.0,180
DME_AATAATAATAKT,80.0,60,60.4,136
DME_AACAABARTA,70.7,53,48.9,110
DME_ACTACTAATAATAATA,68.0,51,52.4,118
DME_AAAAATTAATTA,93.3,70,81.3,183
DME_AAYAAWAATRATAR,96.0,72,79.1,178
DME_TTTAAAAAAG,69.3,52,55.1,124
DME_GAAAAAAATT,89.3,67,80.9,182
DME_TACTACTAATAA,44.0,33,43.1,97
gimme_103_MDmodule_Motif.14.8,89.3,67,82.7,186
DME_GAAAAAAATA,86.7,65,77.3,174
DME_ATWACARTAMMA,72.0,54,59.6,134
DME_TGATAATAAT,65.3,49,53.3,120
gimme_70_MDmodule_Motif.14.5,30.7,23,37.3,84
DME_TTBAAATGAA,77.3,58,65.8,148
DME_AATGAATGAATGAATG,73.3,55,55.1,124
DME_GAATAGAA,41.3,31,36.4,82
DME_TAATAAACAA,82.7,62,59.6,134
DME_ACWATYYATYAK,54.7,41,47.1,106
DME_TGTCAAAGTATAAAAG,44.0,33,33.3,75
DME_AACAAAAATA,81.3,61,65.3,147
DME_ATGAAATTTA,81.3,61,61.8,139
gimme_60_Improbizer_ATTTTCCACTTTT,76.0,57,62.7,141
DME_ATAAATAAATDAAT,92.0,69,84.0,189
DME_ATAAAAAATAAA,94.7,71,89.8,202
DME_AATRATAATRATAA,94.7,71,72.0,162
DME_TSARAYWRGW,49.3,37,23.6,53
DME_ACTACTACTAATAATA,50.7,38,36.9,83
DME_ATGATAGA,33.3,25,24.4,55
DME_ATAAATTAATAT,86.7,65,66.7,150
DME_AATAGCAA,42.7,32,28.0,63
DME_AATTCAGTKGAAGAAA,77.3,58,63.6,143
gimme_146_MEME_1_w14,100.0,75,88.0,198
DME_AGASHAAAAA,85.3,64,71.6,161
DME_AAAACARCACWTTT,48.0,36,47.6,107
gimme_131_MEME_6_w14,97.3,73,80.4,181
DME_GAAAAATTTT,74.7,56,62.2,140
DME_CTAAAAACARCACWTT,61.3,46,45.8,103
DME_ATAKTACKAA,48.0,36,35.6,80
DME_AAAATCACAGCAAAAA,80.0,60,63.6,143
DME_AAATWTRAATTTAA,94.7,71,80.0,180
DME_ATKTAACAWAAA,66.7,50,60.4,136
DME_WRACARRTTY,72.0,54,49.8,112
DME_ACAAHRACWA,50.7,38,43.1,97
DME_AATRATARTAVMAA,89.3,67,76.0,171
DME_TGAACAAA,30.7,23,20.4,46
DME_TTAATTAWKCAA,86.7,65,59.6,134
DME_AATGAATG,60.0,45,44.4,100
DECOD_Motif5_10,78.7,59,49.3,111
DME_YTRRWRAYKAAAAW,89.3,67,71.6,161
DME_KAYWSTTCARAA,52.0,39,44.4,100
DME_CAATAACARYAMCA,65.3,49,53.8,121
DME_TAAATAAATAAA,94.7,71,84.4,190
DECOD_Motif7_10,44.0,33,29.8,67
DME_TGAAATTAAA,78.7,59,71.1,160
gimme_115_MDmodule_Motif.14.10,46.7,35,37.3,84
DME_AAWRCTAAYT,72.0,54,51.6,116
DME_TAGTTTAAAA,64.0,48,44.4,100
DME_ARWRAGMAAAAA,94.7,71,88.9,200
DME_AGAAAAAAAT,90.7,68,80.0,180
DME_MNAATAATDATVATAR,85.3,64,68.4,154
DME_AAAATAACTTAAAATC,74.7,56,72.0,162
DME_DATAATSACA,52.0,39,40.4,91
DME_GAATGATA,52.0,39,37.3,84
DME_TTCAARTKAA,84.0,63,63.1,142
DME_AWRATRATVAYAATWR,90.7,68,72.4,163
DME_TTTCTATCASTGAAAA,68.0,51,52.9,119
DME_TAACAATAGTACTAAT,53.3,40,41.3,93
gimme_20_BioProspector_w14_3,82.7,62,58.2,131
DME_TTYAAAWGTWAA,78.7,59,63.1,142
DECOD_Motif3_10,72.0,54,63.6,143
DME_ACTGAATTCGARAAAT,65.3,49,55.6,125
DME_CMRWTMTYRG,30.7,23,17.3,39
gimme_101_MDmodule_Motif.14.6,41.3,31,34.2,77
DME_CAAAAKAAAW,80.0,60,72.0,162
DME_ATCACAGCAAAAAC,30.7,23,22.7,51
DME_ASKAATAAYDATAA,77.3,58,60.4,136
DECOD_Motif9_10,62.7,47,48.0,108
DME_GAATTCAGTKGAAGAA,49.3,37,44.4,100
DME_AACARCACWTTTTATA,45.3,34,45.3,102
DME_AWTAGYAMTRMTRA,80.0,60,56.9,128
DME_AATRGTAMTA,64.0,48,44.0,99
DME_GTTAAATTAA,64.0,48,46.2,104
DME_ACAATYTATY,66.7,50,52.0,117
DME_CAACAACAACAACAAC,37.3,28,25.8,58
DME_AYGRCAAT,40.0,30,17.8,40
DME_TACTACTAATAATA,56.0,42,45.8,103
DME_RARTRKAAAAAG,81.3,61,63.1,142
gimme_75_MDmodule_Motif.14.10,46.7,35,37.3,84
DME_AGAAAGAA,32.0,24,24.4,55
DME_CTAATAATAA,52.0,39,49.8,112
DME_CCTAAAAACARCACWT,36.0,27,32.4,73
DME_TAAAAACARCACWTTT,58.7,44,51.1,115
DME_AGAATTAATT,65.3,49,51.1,115
DME_HTAAMTTAMTWAAT,84.0,63,69.3,156
DME_AATAAKAATRAWABWD,92.0,69,73.8,166
DME_CAKASAAVAA,54.7,41,51.1,115
DME_CTAATWATAATR,65.3,49,51.6,116
DME_TTCAGTKRAAGAAAAA,78.7,59,60.4,136
DME_AAAAGGAAGAACAAAG,66.7,50,68.4,154
DME_AWGAAAAWAG,82.7,62,72.0,162
gimme_6_AMD_Motif1,32.0,24,26.7,60
DME_TAACHAYAAC,40.0,30,35.6,80
DME_CKAARAAC,33.3,25,23.6,53
DME_TGTATCAA,34.7,26,24.9,56
DME_TAATAACAATAACAAT,85.3,64,69.8,157
DME_CCGAACTAATTATAAT,33.3,25,25.8,58
DME_CAAMAMTAAT,81.3,61,66.7,150
DME_WCATTTGARA,68.0,51,61.3,138
